policy,requester_id,context,difficulty,accepted,status,challenge_rtt_ms,result_rtt_ms,solve_ms,verify_ms,hashes,total_exchange_ms
idba,honest-0,default,19,1,accepted,3.737284,1.050217,322.532573,0.027969,268686,328.374025
idba,honest-0,default,18,1,accepted,3.400607,1.046767,191.791329,0.021780,135593,197.182037
idba,honest-0,default,18,1,accepted,3.118854,1.151220,44.156335,0.017141,12369,49.383705
idba,honest-0,default,18,1,accepted,3.559495,1.071234,236.607531,0.017279,175074,242.205159
idba,honest-0,default,18,1,accepted,3.304633,1.155123,198.976512,0.027673,141702,204.407521
idba,honest-0,default,18,1,accepted,3.397590,1.036257,67.114396,0.017049,27624,72.474530
idba,honest-0,default,18,1,accepted,3.169657,1.055961,94.601512,0.017050,53102,99.625631
idba,honest-0,default,18,1,accepted,3.525886,0.954789,165.975881,0.017164,113465,171.293174
idba,honest-0,default,18,1,accepted,3.603053,1.035600,848.794195,0.017746,714371,854.373319
idba,honest-0,default,18,1,accepted,3.334073,0.993285,125.799365,0.017538,79297,130.960139
idba,honest-0,default,18,1,accepted,3.110491,0.947227,390.793485,0.011474,314076,395.825374
idba,honest-0,default,18,1,accepted,3.062945,1.033451,293.715076,0.017721,224660,298.641903
idba,honest-0,default,18,1,accepted,3.415175,1.069619,986.925562,0.019021,839066,992.330589
idba,honest-0,default,18,1,accepted,3.345893,1.053312,368.472125,0.017390,286411,373.719519
idba,honest-0,default,18,1,accepted,3.160987,1.026783,86.973260,0.017069,48161,92.091150
idba,honest-0,default,18,1,accepted,3.247411,1.032481,331.497596,0.017620,255190,336.686509
idba,honest-0,default,18,1,accepted,3.302534,1.092841,343.145461,0.017050,274054,348.308894
idba,honest-0,default,18,1,accepted,3.412959,1.030548,136.964510,0.017052,88957,142.337956
idba,honest-0,default,18,1,accepted,3.031762,1.204479,287.449222,0.028182,217595,292.594953
idba,honest-0,default,18,1,accepted,3.385507,1.038165,124.201007,0.017361,80632,129.524530
idba,honest-0,default,18,1,accepted,3.085250,1.059933,587.868860,0.017384,488255,592.842670
idba,honest-0,default,18,1,accepted,3.240836,1.303964,39.747904,0.017551,9720,45.211167
idba,honest-0,default,18,1,accepted,3.182062,1.043667,118.431385,0.017100,73248,123.590306
idba,honest-0,default,18,1,accepted,3.451006,1.101515,176.705070,0.016945,122492,182.189876
idba,honest-0,default,18,1,accepted,3.334238,1.064281,172.371036,0.017190,121110,177.724441
idba,honest-0,default,18,1,accepted,3.252748,1.032021,106.947315,0.018051,64272,112.157419
idba,honest-0,default,18,1,accepted,3.546120,1.013760,353.856470,0.017377,274834,359.356827
idba,honest-0,default,18,1,accepted,3.070666,1.061338,187.706625,0.017035,130558,192.630699
idba,honest-0,default,18,1,accepted,3.374646,1.023455,233.276130,0.017162,172855,238.657486
idba,honest-0,default,18,1,accepted,3.583283,1.046068,936.663120,0.017472,787836,942.225930
idba,honest-0,default,18,1,accepted,3.375888,1.059678,218.540491,0.017181,159039,223.781130
idba,honest-0,default,18,1,accepted,3.339770,1.016702,178.764826,0.017235,125446,184.097058
idba,honest-0,default,18,1,accepted,3.127970,1.046233,288.755426,0.017429,219998,293.784481
idba,honest-0,default,18,1,accepted,3.292444,1.056392,447.247534,0.017205,354389,452.569581
idba,honest-0,default,18,1,accepted,3.366109,1.026927,262.499893,0.017262,196231,267.732916
idba,honest-0,default,18,1,accepted,3.328054,1.075106,106.387535,0.017346,60647,111.712474
idba,honest-0,default,18,1,accepted,3.329710,1.044582,249.726556,0.017156,185868,255.038572
idba,honest-0,default,18,1,accepted,2.846192,1.053594,878.699698,0.017836,735165,883.506064
idba,honest-0,default,18,1,accepted,3.211300,1.044194,1741.343440,0.018158,1505521,1746.449618
idba,honest-0,default,18,1,accepted,2.956376,1.035093,260.679694,0.017528,198292,265.562115
idba,honest-0,default,18,1,accepted,3.297187,1.068992,58.055558,0.017249,21472,63.344155
idba,honest-0,default,18,1,accepted,3.333375,1.068852,67.325805,0.017096,31623,72.566223
idba,honest-0,default,18,1,accepted,3.241335,1.087120,144.464808,0.017277,97158,149.614863
idba,honest-0,default,18,1,accepted,3.180289,1.030523,338.533673,0.017654,261677,343.608306
idba,honest-0,default,18,1,accepted,3.064541,1.022722,240.380069,0.017266,175618,245.303595
idba,honest-0,default,18,1,accepted,3.169781,1.129897,1638.086384,0.019824,1371865,1643.273221
idba,honest-0,default,18,1,accepted,3.173737,1.269422,38.110108,0.017653,10594,43.426119
idba,honest-0,default,18,1,accepted,3.148887,1.059805,165.039961,0.017615,115450,170.094061
idba,honest-0,default,18,1,accepted,3.108795,1.088704,90.020282,0.017177,50648,95.019914
idba,honest-0,default,18,1,accepted,3.253963,1.027083,347.565544,0.017507,276712,352.680389
idba,honest-0,default,18,1,accepted,3.229008,1.019116,325.992883,0.017334,252388,331.104222
idba,honest-0,default,18,1,accepted,3.309961,1.067152,304.706108,0.017666,236309,310.018884
idba,honest-0,default,18,1,accepted,3.417008,1.065383,206.205979,0.017374,150958,211.598807
idba,honest-0,default,18,1,accepted,3.220485,1.044928,476.033458,0.018144,378403,481.115234
idba,honest-0,default,18,1,accepted,3.157859,1.038018,258.433830,0.017582,193870,263.588490
idba,honest-0,default,18,1,accepted,3.194559,0.880810,416.716988,0.017356,332815,421.586131
idba,honest-0,default,18,1,accepted,3.076915,1.029520,530.384627,0.017453,425543,535.306739
idba,honest-0,default,18,1,accepted,3.627759,0.931117,78.267682,0.017567,37989,83.742296
idba,honest-0,default,18,1,accepted,3.065676,1.110651,470.325454,0.017262,374870,475.436964
idba,honest-0,default,18,1,accepted,3.163520,1.086055,65.966194,0.017298,26905,71.051924
idba,honest-0,default,18,1,accepted,3.065894,1.027530,997.169250,0.017208,848908,1002.110882
idba,honest-0,default,18,1,accepted,3.073771,1.126122,385.253193,0.017165,300856,390.346617
idba,honest-0,default,18,1,accepted,3.192132,1.025835,339.065979,0.017210,267732,344.234718
idba,honest-0,default,18,1,accepted,3.232134,1.063987,503.948870,0.017595,409159,509.092619
idba,honest-0,default,18,1,accepted,3.088824,1.776471,16.616865,0.017390,3686,22.426671
idba,honest-0,default,18,1,accepted,3.125524,1.058199,345.831009,0.017063,268380,350.785129
idba,honest-0,default,18,1,accepted,3.296834,1.049987,501.601598,0.018083,408017,506.744951
idba,honest-0,default,18,1,accepted,3.271052,1.061943,807.764084,0.017152,662528,813.021301
idba,honest-0,default,18,1,accepted,3.238307,1.096499,66.116417,0.029464,27046,71.383301
idba,honest-0,default,18,1,accepted,3.346859,1.084135,338.845741,0.017553,261797,344.073870
idba,honest-0,default,18,1,accepted,3.381575,1.021485,105.278033,0.017272,61958,110.603952
idba,honest-0,default,18,1,accepted,3.352636,1.101268,545.686156,0.017140,438776,551.121413
idba,honest-0,default,18,1,accepted,3.308741,1.799486,4.378875,0.017269,944,10.487825
idba,honest-0,default,18,1,accepted,3.399224,1.066827,503.704226,0.017335,419908,509.142892
idba,honest-0,default,18,1,accepted,3.220277,0.938483,523.736908,0.022399,420540,528.829468
idba,honest-0,default,18,1,accepted,3.112803,1.068796,180.884862,0.017482,123975,185.988843
idba,honest-0,default,18,1,accepted,3.381106,1.048663,239.640602,0.018817,177353,244.934499
idba,honest-0,default,18,1,accepted,3.341079,1.046692,349.105418,0.017020,276723,354.287518
idba,honest-0,default,18,1,accepted,3.458019,1.078080,52.073666,0.017162,16614,57.411043
idba,honest-0,default,18,1,accepted,3.562493,1.028065,90.329554,0.016946,47241,95.852733
idba,honest-0,default,18,1,accepted,2.967201,1.069417,100.274901,0.017349,58061,105.076880
idba,honest-0,default,18,1,accepted,3.376003,1.064965,616.988722,0.017734,512286,622.436289
idba,honest-0,default,18,1,accepted,2.882597,1.057427,510.970735,0.017429,409257,515.814391
idba,honest-0,default,18,1,accepted,3.316666,1.031588,402.732072,0.017382,323061,407.877011
idba,honest-0,default,18,1,accepted,3.329482,1.030742,503.715531,0.017471,403377,509.038414
idba,honest-0,default,18,1,accepted,3.220350,1.104956,783.559655,0.017656,643475,788.689109
idba,honest-0,default,18,1,accepted,3.044834,1.056027,137.966592,0.017222,91194,142.979319
idba,honest-0,default,18,1,accepted,3.216072,1.062976,687.614320,0.017409,561336,692.835378
idba,honest-0,default,18,1,accepted,3.084925,1.061607,931.328161,0.026974,788636,936.335553
idba,honest-0,default,18,1,accepted,3.333074,1.072120,290.979239,0.017484,226977,296.172057
idba,honest-0,default,18,1,accepted,3.085900,1.080575,70.729000,0.017555,32589,75.826646
idba,honest-0,default,18,1,accepted,3.155866,1.075199,210.220804,0.017275,149582,215.406015
idba,honest-0,default,18,1,accepted,3.445664,1.077139,267.512841,0.018903,199366,272.972718
idba,honest-0,default,18,1,accepted,3.430459,1.046830,63.600043,0.017417,24259,69.005954
idba,honest-0,default,18,1,accepted,3.439415,1.044116,286.379205,0.017474,221188,291.652568
idba,honest-0,default,18,1,accepted,3.089496,1.050417,89.467139,0.017535,47542,94.522775
idba,honest-0,default,18,1,accepted,3.102743,1.057870,534.838622,0.017445,428135,539.800109
idba,honest-0,default,18,1,accepted,3.085691,1.344868,36.064025,0.017408,8325,41.383593
idba,honest-0,default,18,1,accepted,3.058828,1.053626,156.045728,0.017370,105189,161.090651
idba,honest-0,default,18,1,accepted,3.119167,1.028825,391.755866,0.017493,303912,396.813182
idba,honest-0,default,19,1,accepted,1.780568,1.041278,189.800839,0.019489,160304,193.252483
idba,honest-0,default,19,1,accepted,3.381657,1.028755,79.865164,0.017395,39450,85.152271
idba,honest-0,default,19,1,accepted,3.420161,1.065974,345.661535,0.017274,263841,351.017906
idba,honest-0,default,19,1,accepted,3.592240,1.008844,485.177387,0.017265,384417,490.710064
idba,honest-0,default,19,1,accepted,3.374944,1.042205,471.523190,0.017737,368739,476.744894
idba,honest-0,default,19,1,accepted,3.507965,1.036858,549.077267,0.017036,437135,554.560262
idba,honest-0,default,19,1,accepted,3.113459,1.096555,1708.014028,0.017265,1412903,1713.165306
idba,honest-0,default,19,1,accepted,3.092863,1.100501,1356.743165,0.018938,1119691,1361.748254
idba,honest-0,default,19,1,accepted,3.386952,1.023467,379.816055,0.017414,299846,385.074168
idba,honest-0,default,19,1,accepted,3.307615,1.093395,411.864462,0.017633,322205,417.199838
idba,honest-0,default,19,1,accepted,3.136464,1.048522,2211.454133,0.017272,1844676,2216.600957
idba,honest-0,default,19,1,accepted,3.198971,1.032581,100.143343,0.017516,61533,105.204089
idba,honest-0,default,19,1,accepted,3.242776,1.110930,994.466955,0.017641,816193,999.669219
idba,honest-0,default,19,1,accepted,3.367481,1.042305,255.194336,0.017222,189611,260.394135
idba,honest-0,default,19,1,accepted,3.338646,1.090002,91.551119,0.017510,50716,96.820612
idba,honest-0,default,19,1,accepted,3.414683,1.057515,129.927032,0.017108,82237,135.189970
idba,honest-0,default,19,1,accepted,3.182048,1.114389,1180.653679,0.017641,977112,1185.786151
idba,honest-0,default,19,1,accepted,2.953800,1.038083,77.139789,0.017222,38742,81.987434
idba,honest-0,default,19,1,accepted,3.280687,1.039413,1757.646664,0.017061,1455883,1762.811003
idba,honest-0,default,19,1,accepted,3.196495,1.026611,705.421462,0.017640,571596,710.567541
idba,honest-0,default,19,1,accepted,3.240032,1.027420,469.092286,0.017238,373474,474.161815
idba,honest-0,default,19,1,accepted,3.093355,1.093896,328.147945,0.018241,248450,333.262963
idba,honest-0,default,19,1,accepted,3.275181,1.098442,469.624922,0.017061,369120,474.866870
idba,honest-0,default,19,1,accepted,3.207037,1.072972,3063.431166,0.017760,2564922,3068.658186
idba,honest-0,default,20,1,accepted,3.320205,1.060243,1439.466092,0.015838,1195936,1444.793587
idba,honest-0,default,20,1,accepted,3.066768,1.045737,878.411401,0.015876,718766,883.479432
idba,honest-0,default,20,1,accepted,3.113018,1.036266,496.966510,0.015790,400056,501.890878
idba,honest-0,default,20,1,accepted,3.195895,1.092900,861.377402,0.015939,703166,866.529642
idba,honest-0,default,20,1,accepted,3.215593,1.077209,1574.943782,0.016224,1324165,1580.020601
idba,honest-0,default,20,1,accepted,3.386531,1.050861,893.120815,0.015750,736162,898.361810
idba,honest-0,default,20,1,accepted,3.331221,1.063036,679.306681,0.016093,553388,684.604716
idba,honest-0,default,20,1,accepted,3.398789,1.078023,220.012577,0.015759,161204,225.431340
idba,honest-0,default,20,1,accepted,3.348696,1.032144,157.251145,0.015863,108315,162.555018
idba,honest-0,default,20,1,accepted,3.150189,1.022335,1065.273996,0.016152,874178,1070.379715
idba,honest-0,default,20,1,accepted,3.216687,1.069105,2688.705967,0.017131,2253914,2693.775265
idba,honest-0,default,20,1,accepted,2.761709,1.038989,121.329632,0.015854,80347,125.921771
idba,honest-0,default,20,1,accepted,2.982155,1.114477,1579.603828,0.022899,1316960,1584.637521
idba,honest-0,default,20,1,accepted,3.192771,1.078213,1313.789032,0.017876,1091581,1318.975016
idba,honest-0,default,20,1,accepted,2.865019,1.054199,1772.722140,0.017756,1475948,1777.588433
idba,honest-0,default,20,1,accepted,2.880989,1.033303,171.443401,0.016253,121608,176.207613
idba,honest-0,default,20,1,accepted,3.170179,1.069378,424.105671,0.015757,334071,429.308495
idba,honest-0,default,20,1,accepted,3.012008,1.071508,2868.331922,0.018641,2409364,2873.356514
idba,honest-0,default,20,1,accepted,3.098474,1.050511,304.847537,0.017088,234091,309.832917
idba,honest-0,default,20,1,accepted,3.270769,1.062800,198.497027,0.016029,143800,203.692015
idba,honest-0,default,20,1,accepted,1.797147,1.078648,785.352659,0.016912,646688,788.824714
idba,honest-0,default,20,1,accepted,3.068901,1.104150,833.221825,0.015938,682000,838.310585
idba,honest-0,default,20,1,accepted,2.877288,1.073961,3075.246933,0.019384,2576397,3079.938888
idba,honest-0,default,20,1,accepted,2.935176,1.050108,148.652335,0.017010,101583,153.419419
idba,honest-0,default,20,1,accepted,3.153820,1.045886,1073.681730,0.016734,886073,1078.830419
idba,honest-0,default,20,1,accepted,2.935324,1.051015,374.944080,0.016018,293160,379.730842
idba,honest-0,default,20,1,accepted,3.212115,1.048757,672.696283,0.017085,543371,677.782968
idba,honest-0,default,20,1,accepted,3.148005,1.056378,1584.248607,0.017764,1320747,1589.432170
idba,honest-0,default,20,1,accepted,3.403498,1.049454,691.834193,0.016085,563577,697.224460
idba,honest-0,default,20,1,accepted,3.381811,1.040533,723.050186,0.016188,583657,728.309677
idba,honest-0,default,20,1,accepted,3.091088,1.083218,481.191487,0.016913,382648,486.184053
idba,honest-0,default,20,1,accepted,3.213861,1.031483,1354.490192,0.016687,1124034,1359.570798
idba,honest-0,default,20,1,accepted,3.144727,1.073021,1998.082073,0.019817,1665775,2003.173686
idba,honest-0,default,20,1,accepted,3.171700,1.049170,99.723027,0.015899,61568,104.718849
idba,honest-0,default,20,1,accepted,3.346752,1.035285,493.705114,0.016266,392958,498.997975
idba,honest-0,default,20,1,accepted,3.348530,1.843147,3439.940191,0.021419,2890629,3446.116795
idba,honest-0,default,20,1,accepted,2.926843,1.040636,998.437573,0.016496,828010,1003.166708
idba,honest-0,default,20,1,accepted,2.899429,1.042277,68.967422,0.015940,34459,73.773659
idba,honest-0,default,20,1,accepted,3.365965,1.068433,1361.865494,0.016662,1124103,1367.161925
idba,honest-0,default,20,1,accepted,3.149812,1.083741,2468.598834,0.016933,2073921,2473.784492
idba,honest-0,default,20,1,accepted,3.143618,1.048989,402.249620,0.016357,315089,407.297811
idba,honest-0,default,20,1,accepted,3.039919,1.086102,780.235611,0.016271,636777,785.289886
idba,honest-0,default,20,1,accepted,3.194754,1.078255,1914.134275,0.016332,1603606,1919.364650
idba,honest-0,default,20,1,accepted,2.829302,1.017760,1668.479353,0.016094,1399758,1673.057423
idba,honest-0,default,20,1,accepted,2.863255,1.067734,3254.855791,0.015936,2767060,3259.684183
idba,honest-0,default,20,1,accepted,2.996990,1.064039,1156.861261,0.015966,961265,1161.802643
idba,honest-0,default,20,1,accepted,3.331712,1.177130,2798.765701,0.023393,2340892,2804.218575
idba,honest-0,default,20,1,accepted,3.278812,1.071363,2855.035949,0.016629,2398693,2860.296954
idba,honest-0,default,20,1,accepted,2.893805,1.186619,201.364622,0.023741,150581,206.279420
idba,honest-0,default,20,1,accepted,2.980489,1.066814,185.418992,0.015864,133580,190.344637
idba,honest-0,default,20,1,accepted,3.002009,1.093468,3050.945736,0.020947,2542176,3055.885080
idba,honest-0,default,20,1,accepted,2.915622,1.021014,2210.222472,0.015932,1839824,2215.036173
idba,honest-0,default,20,1,accepted,2.921819,1.085811,3098.059119,0.017439,2599318,3103.039185
idba,honest-0,default,20,1,accepted,2.724582,1.015435,610.061042,0.016403,497475,614.637389
idba,honest-0,default,20,1,accepted,3.093411,1.084413,2356.631317,0.016561,1987509,2361.686292
idba,honest-0,default,20,1,accepted,3.092310,1.099142,652.677175,0.015782,530123,657.713852
idba,honest-0,default,20,1,accepted,3.017440,1.100231,2925.881889,0.016890,2449805,2930.903349
idba,honest-0,default,20,1,accepted,1.956930,1.071877,2573.475311,0.016553,2163152,2577.227756
idba,honest-0,default,20,1,accepted,3.349635,1.062453,1328.774931,0.015889,1097096,1334.035261
idba,honest-0,default,20,1,accepted,3.467169,1.075354,432.076480,0.015858,338368,437.455118
idba,honest-0,default,20,1,accepted,3.400310,1.069496,794.364579,0.016153,645400,799.625514
idba,honest-0,default,20,1,accepted,3.338429,0.966045,3124.973625,0.019380,2620477,3130.213839
idba,honest-0,default,20,1,accepted,3.387583,1.049344,2554.910171,0.016181,2135467,2560.169046
idba,honest-0,default,20,1,accepted,2.875220,1.038808,213.975252,0.015987,158470,218.765011
idba,honest-0,default,20,1,accepted,3.273541,0.936336,5162.835160,0.016088,4331679,5167.911910
idba,honest-0,default,20,1,accepted,2.943817,1.034796,186.272482,0.016066,133279,191.027636
idba,honest-0,default,20,1,accepted,3.225855,1.041158,1599.991322,0.015959,1328311,1605.112370
idba,honest-0,default,20,1,accepted,3.010947,1.065391,5132.720613,0.016676,4330593,5137.725264
idba,honest-0,default,20,1,accepted,3.122771,1.048466,3236.998621,0.015781,2715318,3242.082092
idba,honest-0,default,20,1,accepted,3.144928,0.927805,2118.837076,0.016452,1770887,2123.769403
idba,honest-0,default,20,1,accepted,2.943603,1.044556,93.759671,0.016146,57130,98.585262
idba,honest-0,default,20,1,accepted,3.248926,1.084798,698.458018,0.016731,573458,703.619101
idba,honest-0,default,20,1,accepted,3.268975,1.044708,604.127563,0.016139,481736,609.369489
idba,honest-0,default,20,1,accepted,3.251532,1.031556,686.160297,0.017047,555565,691.274574
idba,honest-0,default,20,1,accepted,3.382227,1.060426,677.706051,0.015907,549742,683.105095
idba,honest-0,default,20,1,accepted,3.324921,1.073543,1675.040449,0.016698,1389973,1680.250046
idba,honest-0,default,20,1,accepted,1.669901,1.051964,138.386976,0.019692,117208,141.652899
idba,honest-0,default,20,1,accepted,3.338177,1.047298,2535.651434,0.017658,2166828,2540.956185
idba,honest-0,default,20,1,accepted,3.130791,1.025761,194.052120,0.016779,142258,199.075482
idba,honest-0,default,20,1,accepted,3.326027,1.027647,4184.358006,0.016309,3597194,4189.570356
idba,honest-0,default,20,1,accepted,2.993600,1.035095,845.615363,0.015825,709674,850.437877
idba,honest-0,default,20,1,accepted,2.982830,1.021296,2267.514302,0.016182,1939398,2272.415697
idba,honest-0,default,20,1,accepted,2.898870,1.069664,920.743851,0.017262,776493,925.595877
idba,honest-0,default,20,1,accepted,3.194482,1.033724,430.136126,0.016050,351583,435.311265
idba,honest-0,default,20,1,accepted,3.042906,1.025460,70.652062,0.015743,34838,75.605189
idba,honest-0,default,20,1,accepted,3.160865,1.056879,1693.717713,0.016501,1432832,1698.837895
idba,honest-0,default,20,1,accepted,3.130517,1.074687,1441.062780,0.016313,1223608,1446.250162
idba,honest-0,default,20,1,accepted,2.766436,1.032901,521.787360,0.015929,428723,526.399047
idba,honest-0,default,20,1,accepted,2.821370,1.034684,600.929360,0.016015,494863,605.617252
idba,honest-0,default,20,1,accepted,3.136775,1.042160,2151.970949,0.015943,1838729,2156.905222
idba,honest-0,default,20,1,accepted,2.959782,1.066532,594.227215,0.016105,490039,599.161370
idba,honest-0,default,20,1,accepted,3.008257,0.886303,295.252171,0.016009,228897,299.935782
idba,honest-0,default,20,1,accepted,3.352775,1.055717,462.970815,0.016071,373546,468.198194
idba,honest-0,default,20,1,accepted,2.992645,1.050002,3911.395515,0.016121,3363307,3916.284309
idba,honest-0,default,20,1,accepted,2.825662,1.078126,4902.852319,0.016886,4219135,4907.633909
idba,honest-0,default,20,1,accepted,3.088852,0.987320,653.810586,0.015687,544332,658.733520
idba,honest-0,default,20,1,accepted,3.254129,1.014852,909.395431,0.016118,762830,914.469740
idba,honest-0,default,20,1,accepted,3.380230,1.524776,26.628887,0.015799,6515,32.380202
idba,honest-0,default,20,1,accepted,3.240309,1.030574,2568.962535,0.015828,2199724,2574.104051
idba,honest-0,default,20,1,accepted,3.116082,1.052123,1020.727021,0.016067,858119,1025.792120
idba,honest-0,default,20,1,accepted,3.275477,1.051362,185.647084,0.015899,135769,190.896118
idba,honest-0,default,20,1,accepted,2.920172,1.090878,157.840603,0.015713,112013,162.638237
idba,honest-0,default,20,1,accepted,3.113738,1.143572,2398.579265,0.023985,2051595,2403.742816
idba,honest-0,default,20,1,accepted,3.389628,1.067805,499.361934,0.017493,406916,504.646210
idba,honest-0,default,20,1,accepted,3.329139,1.043816,2023.496966,0.017704,1726876,2028.688363
idba,honest-0,default,20,1,accepted,3.307075,1.075643,77.531547,0.016142,40524,82.765943
idba,honest-0,default,20,1,accepted,3.268174,1.745924,7.949775,0.015967,1789,13.881033
idba,honest-0,default,20,1,accepted,3.152117,1.062746,2762.853327,0.015942,2375980,2767.988634
idba,honest-0,default,20,1,accepted,2.927137,1.023429,3582.454640,0.016738,3062152,3587.300116
idba,honest-0,default,20,1,accepted,2.746611,1.012863,651.242382,0.015754,540947,655.881101
idba,honest-0,default,20,1,accepted,2.943067,1.044938,438.719323,0.015977,353219,443.473097
idba,honest-0,default,20,1,accepted,2.936560,1.078760,246.670757,0.015882,187997,251.561138
idba,honest-0,default,20,1,accepted,3.061340,1.051935,450.147764,0.016240,362959,455.174969
idba,honest-0,default,20,1,accepted,3.253364,1.069594,675.088711,0.016409,554397,680.307755
idba,honest-0,default,20,1,accepted,3.095185,1.032910,165.381512,0.015802,116933,170.395521
idba,honest-0,default,20,1,accepted,3.258395,1.039510,944.167471,0.015775,782384,949.218229
idba,honest-0,default,20,1,accepted,3.292567,1.031592,298.069858,0.015730,231982,303.319429
idba,honest-0,default,20,1,accepted,3.276542,1.036391,762.559408,0.015911,623696,767.783872
idba,honest-0,default,20,1,accepted,3.268445,1.002861,957.158320,0.017036,786475,962.275548
idba,honest-0,default,20,1,accepted,3.224012,1.068991,2281.787630,0.018466,1915907,2286.900943
idba,honest-0,default,20,1,accepted,2.945785,1.065691,3099.906015,0.017053,2607732,3104.801484
idba,honest-0,default,20,1,accepted,2.936168,1.024247,926.026058,0.015835,768011,930.838244
idba,honest-0,default,20,1,accepted,2.963080,1.040188,637.477217,0.016023,526948,642.253899
idba,honest-0,default,20,1,accepted,3.060993,1.044074,1579.577203,0.015764,1327516,1584.598796
idba,honest-0,default,20,1,accepted,3.025504,1.009879,301.531400,0.016469,229242,306.319739
idba,honest-0,default,20,1,accepted,3.320463,1.056379,444.162318,0.016109,358948,449.354437
idba,honest-0,default,20,1,accepted,3.111988,1.039981,494.782826,0.015850,393299,499.729606
idba,honest-0,default,20,1,accepted,3.170530,1.042335,260.828580,0.015958,195957,265.873294
idba,honest-0,default,20,1,accepted,3.307368,1.029176,463.271839,0.015665,372920,468.550972
idba,honest-0,default,20,1,accepted,3.259230,1.042590,1702.682612,0.015886,1425883,1707.887046
idba,honest-0,default,20,1,accepted,3.061014,1.080550,606.594305,0.016165,491601,611.527028
idba,honest-0,default,20,1,accepted,3.241304,1.097038,358.153514,0.015820,285099,363.298098
idba,honest-0,default,20,1,accepted,3.312878,1.030769,1229.168856,0.016071,1023829,1234.334249
idba,honest-0,default,20,1,accepted,3.214562,1.026874,182.242021,0.016430,131319,187.417103
idba,honest-0,default,20,1,accepted,3.354275,1.036212,859.815959,0.015851,715364,865.116762
idba,honest-0,default,20,1,accepted,3.105006,1.056173,679.437470,0.016924,553809,684.390218
idba,honest-0,default,20,1,accepted,3.099316,1.042375,1445.085007,0.015851,1203527,1450.211331
idba,honest-0,default,20,1,accepted,3.298509,1.043703,1491.968554,0.016564,1265575,1497.162794
idba,honest-0,default,20,1,accepted,3.095432,1.026560,2323.821205,0.016778,1960991,2328.678226
idba,honest-0,default,20,1,accepted,2.934523,1.046250,2989.507373,0.016464,2540361,2994.236598
idba,honest-0,default,20,1,accepted,3.146164,1.027909,220.839553,0.015866,167366,225.734693
idba,honest-0,default,20,1,accepted,3.188570,1.061549,2307.607827,0.016214,1950416,2312.785880
idba,honest-0,default,20,1,accepted,3.222646,1.035663,217.663481,0.015701,159234,222.849867
idba,honest-0,default,20,1,accepted,3.192174,1.077082,1962.011057,0.017176,1670188,1967.129641
idba,honest-0,default,20,1,accepted,3.304321,1.026135,1269.721226,0.016852,1070098,1274.848843
idba,honest-0,default,20,1,accepted,3.275906,1.094208,251.434670,0.016068,191894,256.627050
idba,honest-0,default,20,1,accepted,3.268242,1.099580,260.759702,0.016054,197829,265.866840
idba,honest-0,default,20,1,accepted,3.178780,1.024697,1499.436652,0.016095,1270994,1504.593966
idba,honest-0,default,20,1,accepted,3.104425,1.018542,934.206614,0.016129,779923,939.171043
idba,honest-0,default,20,1,accepted,3.253503,1.091817,192.390641,0.015965,140683,197.575128
idba,honest-0,default,20,1,accepted,3.190984,1.083172,1368.078075,0.018306,1156175,1373.193629
idba,honest-0,default,20,1,accepted,3.059468,1.079175,406.060575,0.016832,328941,411.003094
idba,honest-0,default,20,1,accepted,3.289084,1.105086,3692.851039,0.016155,3149002,3698.097527
idba,honest-0,default,20,1,accepted,2.851068,0.930499,674.596409,0.017279,553217,679.223636
idba,honest-0,default,20,1,accepted,2.959671,1.066280,3518.074707,0.020285,2971643,3523.024939
idba,honest-0,default,20,1,accepted,2.585737,1.027200,153.418022,0.017072,109418,157.889128
idba,honest-0,default,20,1,accepted,2.973245,1.056409,136.539436,0.025892,91751,141.390297
idba,honest-0,default,20,1,accepted,3.275976,1.060719,2062.559418,0.016935,1737546,2067.771498
idba,honest-0,default,20,1,accepted,2.845942,1.065785,1044.924911,0.016925,869202,1049.574203
idba,honest-0,default,20,1,accepted,3.022018,1.042236,1279.082262,0.017384,1067400,1283.941170
idba,honest-0,default,20,1,accepted,3.280835,0.994845,85.539870,0.016604,45464,90.595231
idba,honest-0,default,20,1,accepted,3.273753,0.972279,4804.251949,0.020007,4078051,4809.314267
idba,honest-0,default,20,1,accepted,2.971601,1.069928,46.545748,0.016721,18104,51.457152
idba,honest-0,default,20,1,accepted,3.302413,1.008486,68.704032,0.016560,34518,73.981512
idba,honest-0,default,20,1,accepted,2.965167,1.124357,1380.282186,0.017300,1153547,1385.151359
idba,honest-0,default,20,1,accepted,3.297527,1.055414,212.928280,0.016251,158513,218.213698
idba,honest-0,default,20,1,accepted,3.192135,1.031761,1165.487225,0.016817,969701,1170.499752
idba,honest-0,default,20,1,accepted,3.093854,1.031164,932.277828,0.017028,774505,937.200005
idba,honest-0,default,20,1,accepted,3.106686,1.032252,278.390768,0.016430,213122,283.402732
idba,honest-0,default,20,1,accepted,3.290922,1.116514,1843.301235,0.018609,1550779,1848.725601
idba,honest-0,default,20,1,accepted,3.066611,1.034821,1359.588441,0.017103,1136129,1364.576029
idba,honest-0,default,20,1,accepted,3.071166,1.026869,720.831491,0.016521,591976,725.716704
idba,honest-0,default,20,1,accepted,3.000662,1.083917,373.701650,0.016327,291055,378.571790
idba,honest-0,default,20,1,accepted,3.212538,1.057481,627.338369,0.016351,507571,632.516069
idba,honest-0,default,20,1,accepted,3.336469,1.081084,350.501603,0.017232,274144,355.869589
idba,honest-0,default,20,1,accepted,3.303950,1.068712,1263.688771,0.017175,1065386,1268.905623
keychallenge,honest-0,default,18,1,accepted,1.924104,1.068543,199.579104,0.028853,171017,203.155550
keychallenge,honest-0,default,18,1,accepted,3.435583,1.029362,571.372279,0.024173,469665,576.813560
keychallenge,honest-0,default,18,1,accepted,3.438643,1.077839,141.470477,0.019720,93433,146.806949
keychallenge,honest-0,default,18,1,accepted,3.453866,1.038052,394.281003,0.017724,314522,399.568576
keychallenge,honest-0,default,18,1,accepted,3.362372,1.011014,319.048149,0.017002,249842,324.373785
keychallenge,honest-0,default,18,1,accepted,3.661555,1.026379,74.342617,0.016953,35786,80.000786
keychallenge,honest-0,default,18,1,accepted,3.207595,1.019498,388.463442,0.016877,309862,393.519105
keychallenge,honest-0,default,18,1,accepted,3.494084,1.049434,401.686259,0.018047,322114,407.153814
keychallenge,honest-0,default,18,1,accepted,3.278619,1.031139,149.846962,0.017263,100010,155.080690
keychallenge,honest-0,default,18,1,accepted,3.432912,1.034380,160.292926,0.016959,109455,165.658744
keychallenge,honest-0,default,18,1,accepted,3.405525,1.042264,160.821664,0.016907,109736,166.197311
keychallenge,honest-0,default,18,1,accepted,3.455338,1.020834,401.035660,0.017286,320463,406.465967
keychallenge,honest-0,default,18,1,accepted,3.201316,1.014376,208.778970,0.017349,172186,213.799035
keychallenge,honest-0,default,18,1,accepted,3.199575,1.064348,367.385848,0.016906,290739,372.400938
keychallenge,honest-0,default,18,1,accepted,3.390152,1.066308,305.348281,0.016904,238104,310.722616
keychallenge,honest-0,default,18,1,accepted,3.412927,1.041108,75.274273,0.017071,35297,80.555531
keychallenge,honest-0,default,18,1,accepted,3.207615,1.035223,128.522397,0.017117,82719,133.605246
keychallenge,honest-0,default,18,1,accepted,3.226612,1.042208,446.686090,0.016983,356165,451.857656
keychallenge,honest-0,default,18,1,accepted,3.306742,1.113772,765.893565,0.017247,637900,771.258725
keychallenge,honest-0,default,18,1,accepted,3.134955,1.082340,369.430570,0.017471,290451,374.601013
keychallenge,honest-0,default,18,1,accepted,3.329255,1.023074,77.708342,0.016966,40446,82.971696
keychallenge,honest-0,default,18,1,accepted,3.462679,1.018306,399.538928,0.016865,321381,404.817526
keychallenge,honest-0,default,18,1,accepted,3.218706,1.049999,563.347434,0.017142,463633,568.448451
keychallenge,honest-0,default,18,1,accepted,3.389352,1.029960,196.597903,0.016859,143040,201.820748
keychallenge,honest-0,default,18,1,accepted,3.042196,1.030603,165.895415,0.017122,114051,170.753952
keychallenge,honest-0,default,18,1,accepted,3.202327,0.911357,419.446691,0.016906,333939,424.431683
keychallenge,honest-0,default,18,1,accepted,3.278365,1.090186,562.039681,0.017104,462685,567.326970
keychallenge,honest-0,default,18,1,accepted,3.419049,1.026764,67.086882,0.017090,29966,72.337830
keychallenge,honest-0,default,18,1,accepted,3.399187,1.068790,285.654410,0.016760,218792,291.004449
keychallenge,honest-0,default,18,1,accepted,3.207811,1.057942,236.640443,0.016983,175154,241.632350
keychallenge,honest-0,default,18,1,accepted,3.187844,1.087011,215.235490,0.017386,157859,220.322515
keychallenge,honest-0,default,18,1,accepted,3.918774,1.027752,389.836343,0.017422,311725,395.692037
keychallenge,honest-0,default,18,1,accepted,3.471055,1.030237,301.009529,0.017040,234088,306.281113
keychallenge,honest-0,default,18,1,accepted,3.505559,1.349655,33.138157,0.017123,7700,38.815970
keychallenge,honest-0,default,18,1,accepted,3.381196,1.041474,324.781566,0.019574,254065,330.131193
keychallenge,honest-0,default,18,1,accepted,3.176357,1.056749,288.769226,0.016995,222872,293.919441
keychallenge,honest-0,default,18,1,accepted,3.171043,1.008286,73.602497,0.016918,35653,78.672197
keychallenge,honest-0,default,18,1,accepted,3.270974,1.148359,346.161641,0.017108,273177,351.500501
keychallenge,honest-0,default,18,1,accepted,3.654475,0.920119,248.749836,0.017004,185592,254.222730
keychallenge,honest-0,default,18,1,accepted,3.243885,1.065580,166.108961,0.017033,115964,171.228296
keychallenge,honest-0,default,18,1,accepted,3.463623,1.080312,227.352704,0.016997,165994,232.849558
keychallenge,honest-0,default,18,1,accepted,3.346397,1.829506,20.933101,0.017267,4575,27.075806
keychallenge,honest-0,default,18,1,accepted,3.597350,1.085255,1032.655784,0.017016,865954,1038.133412
keychallenge,honest-0,default,18,1,accepted,3.360361,1.016734,180.658513,0.016890,128700,185.920578
keychallenge,honest-0,default,18,1,accepted,3.439041,1.036274,97.077117,0.016994,56665,102.450561
keychallenge,honest-0,default,18,1,accepted,3.081961,1.018180,719.319023,0.016967,598832,724.300348
keychallenge,honest-0,default,18,1,accepted,3.201096,1.012412,131.444508,0.016937,86501,136.589449
keychallenge,honest-0,default,18,1,accepted,3.528083,1.016526,66.811161,0.017181,29808,72.281657
keychallenge,honest-0,default,18,1,accepted,3.192740,1.018613,183.794111,0.016977,130064,188.828805
keychallenge,honest-0,default,18,1,accepted,3.226849,1.087046,169.251623,0.016977,120666,174.366877
keychallenge,honest-0,default,18,1,accepted,3.229460,1.306168,37.091801,0.016886,9463,42.621384
keychallenge,honest-0,default,18,1,accepted,3.204310,1.049404,172.645005,0.017269,121418,177.722352
keychallenge,honest-0,default,18,1,accepted,3.390216,1.077253,451.442642,0.017255,362412,456.742528
keychallenge,honest-0,default,18,1,accepted,3.196998,1.043926,379.979173,0.017293,303191,385.014049
keychallenge,honest-0,default,18,1,accepted,3.264828,1.038230,65.443411,0.017163,28484,70.589312
keychallenge,honest-0,default,18,1,accepted,3.211715,1.027843,100.419308,0.016843,59606,105.537491
keychallenge,honest-0,default,18,1,accepted,3.390373,1.040627,122.684245,0.017129,76969,128.067816
keychallenge,honest-0,default,18,1,accepted,3.346198,1.092362,436.225960,0.017237,352129,441.548455
keychallenge,honest-0,default,18,1,accepted,3.220719,1.039203,127.571366,0.017199,81410,132.623277
keychallenge,honest-0,default,18,1,accepted,3.261581,1.017993,461.787971,0.016935,375481,466.993967
keychallenge,honest-0,default,18,1,accepted,3.499408,1.037152,231.176132,0.016968,171355,236.472488
keychallenge,honest-0,default,18,1,accepted,3.376993,1.049138,90.716865,0.016930,50115,96.091217
keychallenge,honest-0,default,18,1,accepted,3.394030,1.027104,545.592253,0.017242,445537,550.823369
keychallenge,honest-0,default,18,1,accepted,3.343423,1.080778,425.100884,0.017943,340353,430.331786
keychallenge,honest-0,default,18,1,accepted,3.131058,1.046218,259.999540,0.016893,195940,264.988096
keychallenge,honest-0,default,18,1,accepted,3.425819,1.064969,78.375499,0.016962,39757,83.780966
keychallenge,honest-0,default,18,1,accepted,3.390594,1.090949,575.161461,0.017961,472971,580.542047
keychallenge,honest-0,default,18,1,accepted,3.389777,1.020412,106.279054,0.017044,65372,111.609824
keychallenge,honest-0,default,18,1,accepted,3.379433,1.034218,457.416134,0.016982,368632,462.663041
keychallenge,honest-0,default,18,1,accepted,3.013155,1.132460,230.175520,0.016850,172408,235.026787
keychallenge,honest-0,default,18,1,accepted,3.489003,1.113087,360.335315,0.017199,283289,365.746261
keychallenge,honest-0,default,18,1,accepted,3.462791,0.995420,142.765963,0.017014,93693,148.139470
keychallenge,honest-0,default,18,1,accepted,3.185918,1.076528,360.212822,0.017243,286455,365.311621
keychallenge,honest-0,default,18,1,accepted,3.294576,1.055552,59.950934,0.017166,21504,65.187069
keychallenge,honest-0,default,18,1,accepted,3.117408,1.027142,405.302579,0.017034,319410,410.220612
keychallenge,honest-0,default,18,1,accepted,3.394910,1.045787,174.385054,0.017018,122588,179.628606
keychallenge,honest-0,default,18,1,accepted,3.440983,1.034174,67.885121,0.016908,29372,73.309481
keychallenge,honest-0,default,18,1,accepted,3.417907,1.096789,107.059658,0.017139,62673,112.532419
keychallenge,honest-0,default,18,1,accepted,3.429995,1.061784,77.733882,0.018134,39199,83.047032
keychallenge,honest-0,default,18,1,accepted,3.165304,1.015358,243.836564,0.017202,182579,248.876931
keychallenge,honest-0,default,18,1,accepted,3.203588,1.052982,223.318920,0.016937,164979,228.410339
keychallenge,honest-0,default,18,1,accepted,3.299493,1.062424,1453.726633,0.018381,1233505,1459.018564
keychallenge,honest-0,default,18,1,accepted,3.075648,1.053893,559.313604,0.017203,462091,564.116131
keychallenge,honest-0,default,18,1,accepted,3.261253,1.074118,138.270480,0.017159,91860,143.510889
keychallenge,honest-0,default,18,1,accepted,3.268991,1.061595,319.680936,0.017696,251802,324.865011
keychallenge,honest-0,default,18,1,accepted,3.237916,1.015608,332.382622,0.017063,260832,337.457619
keychallenge,honest-0,default,18,1,accepted,3.199950,1.047297,68.811069,0.017030,29918,73.859300
keychallenge,honest-0,default,18,1,accepted,3.397345,1.049819,257.490384,0.017269,194973,262.854974
keychallenge,honest-0,default,18,1,accepted,3.387902,1.128356,462.867725,0.017436,372272,468.297709
keychallenge,honest-0,default,18,1,accepted,3.412710,1.065499,306.023485,0.017152,237549,311.389320
keychallenge,honest-0,default,18,1,accepted,3.422087,1.038077,107.964752,0.016918,66836,113.203064
keychallenge,honest-0,default,18,1,accepted,3.212117,1.052895,231.524680,0.017208,171574,236.688873
keychallenge,honest-0,default,18,1,accepted,3.354521,1.107810,60.167910,0.016986,22594,65.506205
keychallenge,honest-0,default,18,1,accepted,3.168700,1.098368,820.810429,0.017363,684742,825.863408
keychallenge,honest-0,default,18,1,accepted,3.200501,1.049021,92.902485,0.017064,53380,98.098300
keychallenge,honest-0,default,18,1,accepted,3.397220,1.082396,392.467470,0.017147,313320,397.842402
keychallenge,honest-0,default,18,1,accepted,3.227479,1.084619,177.359163,0.016804,124199,182.590944
keychallenge,honest-0,default,18,1,accepted,3.314849,1.059578,175.068176,0.017110,122444,180.415210
keychallenge,honest-0,default,18,1,accepted,3.465136,1.062879,135.285190,0.017105,90323,140.707015
keychallenge,honest-0,default,18,1,accepted,3.439934,1.081552,1381.950482,0.018480,1171150,1387.414276
keychallenge,honest-0,default,18,1,accepted,1.633454,1.050892,318.935090,0.021883,290526,322.146607
keychallenge,honest-0,default,18,1,accepted,3.231065,1.010882,187.758599,0.019257,138434,192.837850
keychallenge,honest-0,default,18,1,accepted,3.345375,0.999697,72.379599,0.018163,33960,77.603767
keychallenge,honest-0,default,18,1,accepted,3.393833,0.993828,144.418944,0.017090,102703,149.704299
keychallenge,honest-0,default,18,1,accepted,3.302995,1.003985,283.480831,0.017109,224815,288.713248
keychallenge,honest-0,default,18,1,accepted,3.435658,1.030514,54.314192,0.018136,20370,59.693387
keychallenge,honest-0,default,18,1,accepted,3.441111,0.979578,118.006713,0.016985,76061,123.358406
keychallenge,honest-0,default,18,1,accepted,3.490706,1.009944,112.612596,0.017236,71943,118.047147
keychallenge,honest-0,default,18,1,accepted,3.391884,1.072198,1158.296441,0.017339,1013090,1163.546083
keychallenge,honest-0,default,18,1,accepted,3.288587,1.006883,336.483693,0.016820,270736,341.705495
keychallenge,honest-0,default,18,1,accepted,3.329195,0.975550,604.410517,0.017116,508848,609.613245
keychallenge,honest-0,default,18,1,accepted,3.145982,1.027603,325.399831,0.017051,261216,330.490392
keychallenge,honest-0,default,18,1,accepted,3.427892,1.001543,147.670064,0.017245,105318,152.983223
keychallenge,honest-0,default,18,1,accepted,3.144053,1.014906,145.516145,0.017362,101849,150.434718
keychallenge,honest-0,default,18,1,accepted,3.336024,1.000045,484.916376,0.016972,411195,490.142189
keychallenge,honest-0,default,18,1,accepted,3.201020,1.013625,282.705463,0.017159,226928,287.810659
keychallenge,honest-0,default,18,1,accepted,3.150247,1.011158,302.255997,0.017139,241012,307.303009
keychallenge,honest-0,default,18,1,accepted,3.371461,1.479605,36.467326,0.017087,8701,42.269808
keychallenge,honest-0,default,18,1,accepted,3.374299,0.998223,1084.268949,0.016945,934573,1089.532028
keychallenge,honest-0,default,18,1,accepted,3.236462,1.001644,305.123300,0.017125,247332,310.331048
keychallenge,honest-0,default,18,1,accepted,3.063595,0.880696,141.835701,0.016990,99216,146.642438
keychallenge,honest-0,default,18,1,accepted,3.172807,0.996946,381.531789,0.017207,314611,386.611740
keychallenge,honest-0,default,18,1,accepted,3.167135,1.017690,206.969552,0.017114,155950,212.062009
keychallenge,honest-0,default,18,1,accepted,3.155731,0.996793,714.047516,0.018305,602543,719.160044
keychallenge,honest-0,default,18,1,accepted,2.959611,1.149747,47.754313,0.017061,14594,52.738150
keychallenge,honest-0,default,18,1,accepted,3.173357,1.016879,423.871143,0.017099,352018,428.953590
keychallenge,honest-0,default,18,1,accepted,2.957450,0.815699,176.665994,0.017140,130172,181.305515
keychallenge,honest-0,default,18,1,accepted,2.413474,0.988074,386.076673,0.016989,313899,390.225660
keychallenge,honest-0,default,18,1,accepted,3.241212,1.032331,514.171929,0.017157,431167,519.341170
keychallenge,honest-0,default,18,1,accepted,3.186849,0.991913,246.794690,0.016977,188527,251.854356
keychallenge,honest-0,default,18,1,accepted,3.321474,1.027906,92.592969,0.017053,52862,97.856242
keychallenge,honest-0,default,18,1,accepted,3.403413,0.979607,120.211524,0.016979,76873,125.494345
keychallenge,honest-0,default,18,1,accepted,3.119536,1.149265,364.939516,0.025430,294861,370.114631
keychallenge,honest-0,default,18,1,accepted,3.348698,1.002722,128.552556,0.017060,86102,133.753792
keychallenge,honest-0,default,18,1,accepted,3.372239,1.071695,95.081523,0.016955,54809,100.414561
keychallenge,honest-0,default,18,1,accepted,3.355858,1.035680,193.028382,0.017275,145644,198.348645
keychallenge,honest-0,default,18,1,accepted,3.173611,0.994275,635.955142,0.017192,535913,641.026140
keychallenge,honest-0,default,18,1,accepted,3.412399,1.845828,19.893035,0.017129,4552,26.141819
keychallenge,honest-0,default,18,1,accepted,3.378741,1.037769,181.788896,0.016938,133012,187.079463
keychallenge,honest-0,default,18,1,accepted,3.335868,1.021031,197.406272,0.017079,146719,202.708322
keychallenge,honest-0,default,18,1,accepted,3.314495,1.001386,386.421315,0.017024,317025,391.525825
keychallenge,honest-0,default,18,1,accepted,3.207452,1.017523,155.071522,0.016874,111470,160.173100
keychallenge,honest-0,default,18,1,accepted,3.325199,1.116511,651.268646,0.016890,552278,656.637228
keychallenge,honest-0,default,18,1,accepted,3.433650,0.993266,529.315138,0.016835,446177,534.643063
keychallenge,honest-0,default,18,1,accepted,3.314175,1.012617,245.908328,0.016841,192275,251.117089
keychallenge,honest-0,default,18,1,accepted,3.368859,1.055089,298.839831,0.017417,238693,304.014273
keychallenge,honest-0,default,18,1,accepted,3.174090,1.013068,205.533288,0.016944,157375,210.599461
keychallenge,honest-0,default,18,1,accepted,3.329709,0.982120,211.356737,0.016953,157077,216.564567
keychallenge,honest-0,default,18,1,accepted,3.141558,1.069395,65.850911,0.017005,30659,70.985818
keychallenge,honest-0,default,18,1,accepted,3.118018,1.231925,42.340486,0.016839,11317,47.635653
keychallenge,honest-0,default,18,1,accepted,3.339781,1.066785,1045.198433,0.017086,917341,1050.369981
keychallenge,honest-0,default,18,1,accepted,3.388254,0.847806,632.449877,0.017146,543961,637.513139
keychallenge,honest-0,default,18,1,accepted,3.196487,1.042631,119.117574,0.017140,81188,124.237420
keychallenge,honest-0,default,18,1,accepted,3.411456,1.002245,340.198376,0.016954,284335,345.529634
keychallenge,honest-0,default,18,1,accepted,3.424254,0.992477,495.436891,0.017110,423157,500.613149
keychallenge,honest-0,default,18,1,accepted,3.175857,1.008723,231.606628,0.017130,180692,236.702343
keychallenge,honest-0,default,18,1,accepted,3.249541,1.004527,239.838842,0.017029,186540,244.962152
keychallenge,honest-0,default,18,1,accepted,3.192750,0.995478,515.529361,0.017355,434843,520.592260
keychallenge,honest-0,default,18,1,accepted,3.063990,1.021552,356.416665,0.017408,291435,361.376129
keychallenge,honest-0,default,18,1,accepted,3.582190,1.009037,201.523780,0.016996,153095,207.013311
keychallenge,honest-0,default,18,1,accepted,3.197406,1.022997,697.177052,0.017071,593029,702.320520
keychallenge,honest-0,default,18,1,accepted,3.225244,0.995236,77.296450,0.017077,38756,82.377524
keychallenge,honest-0,default,18,1,accepted,3.354453,1.016392,293.099753,0.016921,235425,298.343327
keychallenge,honest-0,default,18,1,accepted,3.308558,1.036502,873.273512,0.026198,764745,878.492249
keychallenge,honest-0,default,18,1,accepted,3.405410,1.068395,48.570012,0.016929,15959,53.798787
keychallenge,honest-0,default,18,1,accepted,3.347267,1.029264,125.577210,0.016962,83457,130.838770
keychallenge,honest-0,default,18,1,accepted,3.058689,0.888134,517.109420,0.017673,440103,521.968157
keychallenge,honest-0,default,18,1,accepted,3.241865,1.037426,698.632558,0.017174,599872,703.783826
keychallenge,honest-0,default,18,1,accepted,3.328789,1.082024,185.385566,0.017041,137989,190.669959
keychallenge,honest-0,default,18,1,accepted,3.335698,1.056779,279.305316,0.017686,222719,284.581865
keychallenge,honest-0,default,18,1,accepted,3.182408,1.002193,519.359728,0.017159,444291,524.481130
keychallenge,honest-0,default,18,1,accepted,3.277508,0.953512,447.643200,0.017906,377584,452.828154
keychallenge,honest-0,default,18,1,accepted,3.411547,0.900531,277.679885,0.017248,223156,282.909189
keychallenge,honest-0,default,18,1,accepted,3.352923,1.054163,53.374204,0.017119,17944,58.675577
keychallenge,honest-0,default,18,1,accepted,3.603240,1.041353,119.301257,0.017184,77344,124.854289
keychallenge,honest-0,default,18,1,accepted,3.269714,1.031829,360.337155,0.017286,297868,365.530307
keychallenge,honest-0,default,18,1,accepted,3.367501,1.285322,36.518735,0.017144,9030,42.080962
keychallenge,honest-0,default,18,1,accepted,3.221240,0.984017,178.418513,0.017034,131615,183.504061
keychallenge,honest-0,default,18,1,accepted,3.174920,1.013551,315.711300,0.017078,253993,320.772340
keychallenge,honest-0,default,18,1,accepted,3.405754,1.033238,545.090258,0.017089,455362,550.285420
keychallenge,honest-0,default,18,1,accepted,3.322161,1.053293,478.604260,0.017063,399770,483.848513
keychallenge,honest-0,default,18,1,accepted,3.391999,1.004905,391.187839,0.017855,321149,396.481968
keychallenge,honest-0,default,18,1,accepted,3.240034,1.030569,216.684141,0.016861,167104,221.840959
keychallenge,honest-0,default,18,1,accepted,3.248657,1.024040,261.870486,0.017008,206108,267.014344
keychallenge,honest-0,default,18,1,accepted,3.322772,1.037013,227.292680,0.017945,175438,232.535287
keychallenge,honest-0,default,18,1,accepted,3.273942,1.005212,124.703962,0.017062,79619,129.875306
keychallenge,honest-0,default,18,1,accepted,3.243590,1.090921,56.232147,0.016958,19518,61.452433
keychallenge,honest-0,default,18,1,accepted,3.342699,1.014125,424.090777,0.017005,353142,429.327640
keychallenge,honest-0,default,18,1,accepted,3.294646,1.053461,174.307543,0.017159,128593,179.543474
keychallenge,honest-0,default,18,1,accepted,3.158443,1.003735,85.954263,0.016905,46639,90.972121
keychallenge,honest-0,default,18,1,accepted,3.438349,1.011936,617.902677,0.017063,524995,623.155110
keychallenge,honest-0,default,18,1,accepted,3.314865,1.022433,83.948935,0.017473,45967,89.170401
keychallenge,honest-0,default,18,1,accepted,3.420919,1.931146,19.180839,0.017088,4429,25.522471
keychallenge,honest-0,default,18,1,accepted,3.337913,1.053400,64.511280,0.017289,47890,69.779119
keychallenge,honest-0,default,18,1,accepted,3.674090,1.024306,73.600113,0.017112,37950,79.215467
keychallenge,honest-0,default,18,1,accepted,3.535238,1.052360,442.583685,0.017646,363539,448.101547
keychallenge,honest-0,default,18,1,accepted,3.394415,0.967875,69.703498,0.017157,31922,74.922116
keychallenge,honest-0,default,18,1,accepted,3.484790,1.081455,166.756023,0.016981,121475,172.300650
keychallenge,honest-0,default,18,1,accepted,3.432422,0.998315,353.551015,0.016900,284170,358.866614
keychallenge,honest-0,default,18,1,accepted,3.206601,1.011028,118.472904,0.017216,76913,123.582156
